,Model,Scenario
0,AIM/CGE 2.0,SSP1-26
1,AIM/CGE 2.0,SSP1-34
2,AIM/CGE 2.0,SSP1-45
3,AIM/CGE 2.0,SSP1-Baseline
4,AIM/CGE 2.0,SSP4-26
5,AIM/CGE 2.0,SSP4-34
6,AIM/CGE 2.0,SSP4-45
7,AIM/CGE 2.0,SSP4-Baseline
8,AIM/CGE 2.1,CD-LINKS_INDC2030i_1600
9,AIM/CGE 2.1,CD-LINKS_INDCi
10,AIM/CGE 2.1,CD-LINKS_NDC2030i_1000
11,AIM/CGE 2.1,CD-LINKS_NPi2020_1000
12,AIM/CGE 2.1,CD-LINKS_NPi2020_1600
13,AIM/CGE 2.1,CD-LINKS_NPi2020_400
14,AIM/CGE 2.1,CO_Bridge
15,AIM/CGE 2.1,CO_CurPol
16,AIM/CGE 2.2,EN_INDCi2030_1000f
17,AIM/CGE 2.2,EN_INDCi2030_1200
18,AIM/CGE 2.2,EN_INDCi2030_1200f
19,AIM/CGE 2.2,EN_INDCi2030_1400
20,AIM/CGE 2.2,EN_INDCi2030_1400f
21,AIM/CGE 2.2,EN_INDCi2030_1600
22,AIM/CGE 2.2,EN_INDCi2030_1600f
23,AIM/CGE 2.2,EN_INDCi2030_1800
24,AIM/CGE 2.2,EN_INDCi2030_1800f
25,AIM/CGE 2.2,EN_INDCi2030_800f
26,AIM/CGE 2.2,EN_INDCi2030_900f
27,AIM/CGE 2.2,EN_INDCi2100
28,AIM/CGE 2.2,EN_NPi2020_1000
29,AIM/CGE 2.2,EN_NPi2020_1000f
30,AIM/CGE 2.2,EN_NPi2020_1200
31,AIM/CGE 2.2,EN_NPi2020_1200f
32,AIM/CGE 2.2,EN_NPi2020_1400
33,AIM/CGE 2.2,EN_NPi2020_1400f
34,AIM/CGE 2.2,EN_NPi2020_1600
35,AIM/CGE 2.2,EN_NPi2020_1600f
36,AIM/CGE 2.2,EN_NPi2020_1800
37,AIM/CGE 2.2,EN_NPi2020_1800f
38,AIM/CGE 2.2,EN_NPi2020_300f
39,AIM/CGE 2.2,EN_NPi2020_400f
40,AIM/CGE 2.2,EN_NPi2020_500f
41,AIM/CGE 2.2,EN_NPi2020_600
42,AIM/CGE 2.2,EN_NPi2020_600f
43,AIM/CGE 2.2,EN_NPi2020_700
44,AIM/CGE 2.2,EN_NPi2020_700f
45,AIM/CGE 2.2,EN_NPi2020_800
46,AIM/CGE 2.2,EN_NPi2020_800f
47,AIM/CGE 2.2,EN_NPi2020_900
48,AIM/CGE 2.2,EN_NPi2020_900f
49,AIM/CGE 2.2,EN_NPi2100
50,AIM/Hub-Global 2.0,1.5C
51,AIM/Hub-Global 2.0,2.5C
52,AIM/Hub-Global 2.0,2C
53,AIM/Hub-Global 2.0,Baseline
54,AIM/Hub-Global 2.0,WB2C
55,C-ROADS-5.005,Ratchet-1.5-allCDR
56,C-ROADS-5.005,Ratchet-1.5-limCDR
57,C-ROADS-5.005,Ratchet-1.5-limCDR-noOS
58,C-ROADS-5.005,Ratchet-1.5-noCDR
59,C-ROADS-5.005,Ratchet-1.5-noCDR-noOS
60,C-ROADS-5.005,Reference
61,COFFEE 1.1,CO_2Deg2020
62,COFFEE 1.1,CO_2Deg2030
63,COFFEE 1.1,CO_BAU
64,COFFEE 1.1,CO_Bridge
65,COFFEE 1.1,CO_CurPol
66,COFFEE 1.1,CO_GPP
67,COFFEE 1.1,CO_NDCplus
68,COFFEE 1.1,EN_INDCi2030_1000
69,COFFEE 1.1,EN_INDCi2030_1000_NDCp
70,COFFEE 1.1,EN_INDCi2030_1000f
71,COFFEE 1.1,EN_INDCi2030_1200
72,COFFEE 1.1,EN_INDCi2030_1200f
73,COFFEE 1.1,EN_INDCi2030_1400
74,COFFEE 1.1,EN_INDCi2030_1400f
75,COFFEE 1.1,EN_INDCi2030_1600
76,COFFEE 1.1,EN_INDCi2030_1600f
77,COFFEE 1.1,EN_INDCi2030_1800
78,COFFEE 1.1,EN_INDCi2030_1800f
79,COFFEE 1.1,EN_INDCi2030_2000
80,COFFEE 1.1,EN_INDCi2030_2000f
81,COFFEE 1.1,EN_INDCi2030_2500
82,COFFEE 1.1,EN_INDCi2030_2500f
83,COFFEE 1.1,EN_INDCi2030_400f
84,COFFEE 1.1,EN_INDCi2030_500
85,COFFEE 1.1,EN_INDCi2030_500f
86,COFFEE 1.1,EN_INDCi2030_600
87,COFFEE 1.1,EN_INDCi2030_600_NDCp
88,COFFEE 1.1,EN_INDCi2030_600f
89,COFFEE 1.1,EN_INDCi2030_700
90,COFFEE 1.1,EN_INDCi2030_700f
91,COFFEE 1.1,EN_INDCi2030_800
92,COFFEE 1.1,EN_INDCi2030_800f
93,COFFEE 1.1,EN_INDCi2030_900
94,COFFEE 1.1,EN_INDCi2030_900f
95,COFFEE 1.1,EN_INDCi2100
96,COFFEE 1.1,EN_INDCi2100_COV_NDCp
97,COFFEE 1.1,EN_NPi2020_1000
98,COFFEE 1.1,EN_NPi2020_1000f
99,COFFEE 1.1,EN_NPi2020_1200
100,COFFEE 1.1,EN_NPi2020_1200f
101,COFFEE 1.1,EN_NPi2020_1400
102,COFFEE 1.1,EN_NPi2020_1400f
103,COFFEE 1.1,EN_NPi2020_1600
104,COFFEE 1.1,EN_NPi2020_1600f
105,COFFEE 1.1,EN_NPi2020_1800
106,COFFEE 1.1,EN_NPi2020_1800f
107,COFFEE 1.1,EN_NPi2020_2000
108,COFFEE 1.1,EN_NPi2020_2000f
109,COFFEE 1.1,EN_NPi2020_2500
110,COFFEE 1.1,EN_NPi2020_2500f
111,COFFEE 1.1,EN_NPi2020_400
112,COFFEE 1.1,EN_NPi2020_400_lowBECCS
113,COFFEE 1.1,EN_NPi2020_400f
114,COFFEE 1.1,EN_NPi2020_400f_lowBECCS
115,COFFEE 1.1,EN_NPi2020_500
116,COFFEE 1.1,EN_NPi2020_500f
117,COFFEE 1.1,EN_NPi2020_600
118,COFFEE 1.1,EN_NPi2020_600f
119,COFFEE 1.1,EN_NPi2020_700
120,COFFEE 1.1,EN_NPi2020_700f
121,COFFEE 1.1,EN_NPi2020_800
122,COFFEE 1.1,EN_NPi2020_800f
123,COFFEE 1.1,EN_NPi2020_900
124,COFFEE 1.1,EN_NPi2020_900f
125,COFFEE 1.1,EN_NPi2100
126,EPPA 6,2CNow_Gradual
127,EPPA 6,Paris1.5C_OptTax
128,EPPA 6,Paris2C_Gradual
129,EPPA 6,Paris2C_OptTax
130,EPPA 6,ParisFlat
131,EPPA 6,ParisForever
132,EPPA 6,Ref
133,GCAM 4.2,SSP1-19
134,GCAM 4.2,SSP3-Baseline
135,GCAM 4.2,SSP4-Baseline
136,GCAM 5.2,"NGFS1_Current policies (Hot house world, Rep)"
137,GCAM 5.2,"NGFS1_Immediate 2C with CDR (Orderly, Rep)"
138,GCAM 5.3,NGFS2_Below 2°C
139,GCAM 5.3,NGFS2_Current Policies
140,GCAM 5.3,NGFS2_Delayed Transition
141,GCAM 5.3,NGFS2_Divergent Net Zero Policies
142,GCAM 5.3,NGFS2_Nationally Determined Contributions (NDCs)
143,GCAM 5.3,NGFS2_Net-Zero 2050
144,GCAM 5.3,R_BAU
145,GCAM 5.3,R_MAC_30_n0
146,GCAM 5.3,R_MAC_35_n0
147,GCAM 5.3,R_MAC_35_n8
148,GCAM 5.3,R_MAC_40_n0
149,GCAM 5.3,R_MAC_40_n8
150,GCAM 5.3,R_MAC_45_n0
151,GCAM 5.3,R_MAC_45_n8
152,GCAM 5.3,R_MAC_50_n0
153,GCAM 5.3,R_MAC_50_n8
154,GCAM 5.3,R_MAC_55_n0
155,GCAM 5.3,R_MAC_55_n8
156,GCAM 5.3,R_MAC_60_n0
157,GCAM 5.3,R_MAC_60_n8
158,GCAM 5.3,R_MAC_65_n0
159,GCAM 5.3,R_MAC_65_n8
160,GCAM 5.3,R_MAC_70_n0
161,GCAM 5.3,R_MAC_70_n8
162,GCAM 5.3,R_MAC_75_n0
163,GCAM 5.3,R_MAC_75_n8
164,GCAM 5.3,R_MAC_80_n0
165,GCAM 5.3,R_MAC_80_n8
166,GCAM 5.3,R_MAC_85_n0
167,GCAM 5.3,R_MAC_85_n8
168,GCAM 5.3,R_MAC_90_n0
169,GCAM 5.3,R_MAC_90_n8
170,GCAM 5.3,R_MAC_95_n0
171,GCAM 5.3,R_MAC_95_n8
172,GCAM 5.3,R_MAC_99_n0
173,GCAM 5.3,R_MAC_99_n8
174,GCAM 5.3,SSP_SSP2
175,GCAM 5.3,SSP_SSP3
176,GCAM 5.3,SSP_SSP4
177,GCAM 5.3,SSP_SSP5
178,GCAM-PR 5.3,PR_CP_PriceOnly
179,GCAM-PR 5.3,PR_NDC_PriceOnly
180,GCAM-PR 5.3,PR_baseline
181,GEM-E3_V2021,EN_INDCi2030_1000
182,GEM-E3_V2021,EN_INDCi2030_1000_COV
183,GEM-E3_V2021,EN_INDCi2030_1000_COV_NDCp
184,GEM-E3_V2021,EN_INDCi2030_1000_NDCp
185,GEM-E3_V2021,EN_INDCi2030_1000f
186,GEM-E3_V2021,EN_INDCi2030_1000f_COV
187,GEM-E3_V2021,EN_INDCi2030_1000f_COV_NDCp
188,GEM-E3_V2021,EN_INDCi2030_1000f_NDCp
189,GEM-E3_V2021,EN_INDCi2030_1400
190,GEM-E3_V2021,EN_INDCi2030_1400f
191,GEM-E3_V2021,EN_INDCi2030_1800
192,GEM-E3_V2021,EN_INDCi2030_1800f
193,GEM-E3_V2021,EN_INDCi2030_600f
194,GEM-E3_V2021,EN_INDCi2030_600f_COV
195,GEM-E3_V2021,EN_INDCi2030_600f_COV_NDCp
196,GEM-E3_V2021,EN_INDCi2030_600f_NDCp
197,GEM-E3_V2021,EN_INDCi2030_800
198,GEM-E3_V2021,EN_INDCi2030_800f
199,GEM-E3_V2021,EN_INDCi2100
200,GEM-E3_V2021,EN_INDCi2100_COV
201,GEM-E3_V2021,EN_INDCi2100_COV_NDCp
202,GEM-E3_V2021,EN_INDCi2100_NDCp
203,GEM-E3_V2021,EN_NPi2020_1000
204,GEM-E3_V2021,EN_NPi2020_1000_COV
205,GEM-E3_V2021,EN_NPi2020_1000f
206,GEM-E3_V2021,EN_NPi2020_1000f_COV
207,GEM-E3_V2021,EN_NPi2020_1400
208,GEM-E3_V2021,EN_NPi2020_1400f
209,GEM-E3_V2021,EN_NPi2020_1800
210,GEM-E3_V2021,EN_NPi2020_1800f
211,GEM-E3_V2021,EN_NPi2020_400f
212,GEM-E3_V2021,EN_NPi2020_500
213,GEM-E3_V2021,EN_NPi2020_500f
214,GEM-E3_V2021,EN_NPi2020_600
215,GEM-E3_V2021,EN_NPi2020_600_COV
216,GEM-E3_V2021,EN_NPi2020_600f
217,GEM-E3_V2021,EN_NPi2020_600f_COV
218,GEM-E3_V2021,EN_NPi2020_800
219,GEM-E3_V2021,EN_NPi2020_800f
220,GEM-E3_V2021,EN_NPi2100
221,GEM-E3_V2021,EN_NPi2100_COV
222,IMAGE 3.0,CO_2Deg2020
223,IMAGE 3.0,CO_2Deg2030
224,IMAGE 3.0,CO_BAU
225,IMAGE 3.0,CO_Bridge
226,IMAGE 3.0,CO_CurPol
227,IMAGE 3.0,CO_GPP
228,IMAGE 3.0,CO_NDCplus
229,IMAGE 3.0,EN_INDCi2030_1000
230,IMAGE 3.0,EN_INDCi2030_1000f
231,IMAGE 3.0,EN_INDCi2030_1200
232,IMAGE 3.0,EN_INDCi2030_1200f
233,IMAGE 3.0,EN_INDCi2030_1400
234,IMAGE 3.0,EN_INDCi2030_1400f
235,IMAGE 3.0,EN_INDCi2030_3000
236,IMAGE 3.0,EN_INDCi2030_3000f
237,IMAGE 3.0,EN_INDCi2030_800f
238,IMAGE 3.0,EN_INDCi2100
239,IMAGE 3.0,EN_NPi2020_1000
240,IMAGE 3.0,EN_NPi2020_1000f
241,IMAGE 3.0,EN_NPi2020_1200
242,IMAGE 3.0,EN_NPi2020_1200f
243,IMAGE 3.0,EN_NPi2020_1400
244,IMAGE 3.0,EN_NPi2020_1400f
245,IMAGE 3.0,EN_NPi2020_3000
246,IMAGE 3.0,EN_NPi2020_3000f
247,IMAGE 3.0,EN_NPi2020_600f
248,IMAGE 3.0,EN_NPi2020_800
249,IMAGE 3.0,EN_NPi2020_800f
250,IMAGE 3.0,EN_NPi2100
251,IMAGE 3.0,EN_NoPolicy
252,IMAGE 3.0.1,ADVANCE_2020_1.5C-2100
253,IMAGE 3.0.1,ADVANCE_2020_Med2C
254,IMAGE 3.0.1,ADVANCE_2020_WB2C
255,IMAGE 3.0.1,ADVANCE_2030_Med2C
256,IMAGE 3.0.1,ADVANCE_2030_WB2C
257,IMAGE 3.0.1,ADVANCE_INDC
258,IMAGE 3.0.1,ADVANCE_NoPolicy
259,IMAGE 3.0.1,ADVANCE_Reference
260,IMAGE 3.0.1,CD-LINKS_INDC2030i_1600
261,IMAGE 3.0.1,CD-LINKS_INDCi
262,IMAGE 3.0.1,CD-LINKS_NDC2030i_1000
263,IMAGE 3.0.1,CD-LINKS_NPi
264,IMAGE 3.0.1,CD-LINKS_NPi2020_1000
265,IMAGE 3.0.1,CD-LINKS_NPi2020_1600
266,IMAGE 3.0.1,CD-LINKS_NPi2020_400
267,IMAGE 3.0.1,CD-LINKS_NoPolicy
268,IMAGE 3.0.1,EMF30_BCOC-EndU
269,IMAGE 3.0.1,EMF30_Baseline
270,IMAGE 3.0.1,EMF30_CH4-Only
271,IMAGE 3.0.1,EMF30_ClimPolicy
272,IMAGE 3.0.1,EMF30_ClimPolicy+SLCF
273,IMAGE 3.0.1,EMF30_D_BCOC-Red
274,IMAGE 3.0.1,EMF30_D_CH4-ClimPolicy
275,IMAGE 3.0.1,EMF30_D_CO2-Only
276,IMAGE 3.0.1,EMF30_D_Frozen-CH4
277,IMAGE 3.0.1,EMF30_D_Frozen-EF
278,IMAGE 3.0.1,EMF30_D_Frozen-EF-EndU
279,IMAGE 3.0.1,EMF30_D_Frozen-EF-SLCF
280,IMAGE 3.0.1,EMF30_SLCF
281,IMAGE 3.0.1,EMF30_Slower-Action
282,IMAGE 3.0.1,EMF30_Slower-Action+SLCF
283,IMAGE 3.0.1,EMF30_Slower-to-faster
284,IMAGE 3.0.1,EMF30_Slower-to-faster+SLCF
285,IMAGE 3.0.1,EMF30_Slower-to-faster+SLCF+HFC
286,IMAGE 3.0.1,SSP1-26
287,IMAGE 3.0.1,SSP1-34
288,IMAGE 3.0.1,SSP1-45
289,IMAGE 3.0.1,SSP1-Baseline
290,IMAGE 3.0.1,SSP2-26
291,IMAGE 3.0.1,SSP2-34
292,IMAGE 3.0.1,SSP2-45
293,IMAGE 3.0.1,SSP2-60
294,IMAGE 3.0.1,SSP2-Baseline
295,IMAGE 3.0.1,SSP3-34
296,IMAGE 3.0.1,SSP3-45
297,IMAGE 3.0.1,SSP3-60
298,IMAGE 3.0.1,SSP3-Baseline
299,IMAGE 3.0.1,SSP4-26
300,IMAGE 3.0.1,SSP4-34
301,IMAGE 3.0.1,SSP4-45
302,IMAGE 3.0.1,SSP4-60
303,IMAGE 3.0.1,SSP4-Baseline
304,IMAGE 3.0.1,SSP5-34
305,IMAGE 3.0.1,SSP5-45
306,IMAGE 3.0.1,SSP5-60
307,IMAGE 3.0.1,SSP5-Baseline
308,IMAGE 3.0.2,EMF33_Baseline
309,IMAGE 3.0.2,EMF33_Med2C_cost100
310,IMAGE 3.0.2,EMF33_Med2C_full
311,IMAGE 3.0.2,EMF33_Med2C_limbio
312,IMAGE 3.0.2,EMF33_Med2C_nobeccs
313,IMAGE 3.0.2,EMF33_Med2C_nofuel
314,IMAGE 3.0.2,EMF33_Med2C_none
315,IMAGE 3.0.2,EMF33_WB2C_cost100
316,IMAGE 3.0.2,EMF33_WB2C_full
317,IMAGE 3.0.2,EMF33_WB2C_limbio
318,IMAGE 3.0.2,EMF33_WB2C_nobeccs
319,IMAGE 3.0.2,EMF33_WB2C_nofuel
320,IMAGE 3.0.2,EMF33_tax_hi_full
321,IMAGE 3.0.2,EMF33_tax_hi_none
322,IMAGE 3.0.2,EMF33_tax_lo_full
323,IMAGE 3.0.2,EMF33_tax_lo_none
324,IMAGE 3.2,SSP1-baseline
325,IMAGE 3.2,SSP1_SPA1_19I_D
326,IMAGE 3.2,SSP1_SPA1_19I_D_LB
327,IMAGE 3.2,SSP1_SPA1_19I_LI
328,IMAGE 3.2,SSP1_SPA1_19I_LIRE
329,IMAGE 3.2,SSP1_SPA1_19I_LIRE_LB
330,IMAGE 3.2,SSP1_SPA1_19I_RE
331,IMAGE 3.2,SSP1_SPA1_19I_RE_LB
332,IMAGE 3.2,SSP1_SPA1_26I_D
333,IMAGE 3.2,SSP1_SPA1_26I_LI
334,IMAGE 3.2,SSP1_SPA1_26I_LIRE
335,IMAGE 3.2,SSP1_SPA1_26I_RE
336,IMAGE 3.2,SSP1_SPA1_34I_D
337,IMAGE 3.2,SSP1_SPA1_34I_LI
338,IMAGE 3.2,SSP1_SPA1_34I_LIRE
339,IMAGE 3.2,SSP1_SPA1_34I_RE
340,IMAGE 3.2,SSP2-baseline
341,IMAGE 3.2,SSP2_SPA0_26I_D
342,IMAGE 3.2,SSP2_SPA1_19I_D_LB
343,IMAGE 3.2,SSP2_SPA1_19I_LIRE_LB
344,IMAGE 3.2,SSP2_SPA1_19I_RE_LB
345,IMAGE 3.2,SSP2_SPA2_19I_D
346,IMAGE 3.2,SSP2_SPA2_19I_LI
347,IMAGE 3.2,SSP2_SPA2_19I_LIRE
348,IMAGE 3.2,SSP2_SPA2_19I_RE
349,IMAGE 3.2,SSP2_SPA2_26I_D
350,IMAGE 3.2,SSP2_SPA2_26I_LI
351,IMAGE 3.2,SSP2_SPA2_26I_LIRE
352,IMAGE 3.2,SSP2_SPA2_26I_RE
353,IMAGE 3.2,SSP2_SPA2_34I_D
354,IMAGE 3.2,SSP2_SPA2_34I_LI
355,IMAGE 3.2,SSP2_SPA2_34I_LIRE
356,IMAGE 3.2,SSP2_SPA2_34I_RE
357,IMAGE 3.2,SSP2_SPA2_45I_D
358,IMAGE 3.2,SSP2_SPA2_45I_LI
359,IMAGE 3.2,SSP2_SPA2_45I_LIRE
360,IMAGE 3.2,SSP2_SPA2_45I_RE
361,IMAGE 3.2,SSP3-baseline
362,IMAGE 3.2,SSP4-baseline
363,IMAGE 3.2,SSP5-baseline
364,MERGE-ETL 6.0,DAC2_66
365,MESSAGE-GLOBIOM 1.0,ADVANCE_2020_1.5C-2100
366,MESSAGE-GLOBIOM 1.0,ADVANCE_2020_Med2C
367,MESSAGE-GLOBIOM 1.0,ADVANCE_2020_WB2C
368,MESSAGE-GLOBIOM 1.0,ADVANCE_2030_Med2C
369,MESSAGE-GLOBIOM 1.0,ADVANCE_2030_Price1.5C
370,MESSAGE-GLOBIOM 1.0,ADVANCE_2030_WB2C
371,MESSAGE-GLOBIOM 1.0,ADVANCE_INDC
372,MESSAGE-GLOBIOM 1.0,ADVANCE_Reference
373,MESSAGE-GLOBIOM 1.0,EMF30_BCOC-EndU
374,MESSAGE-GLOBIOM 1.0,EMF30_Baseline
375,MESSAGE-GLOBIOM 1.0,EMF30_D_BCOC-Red
376,MESSAGE-GLOBIOM 1.0,EMF30_D_CH4-ClimPolicy
377,MESSAGE-GLOBIOM 1.0,EMF30_D_Frozen-CH4
378,MESSAGE-GLOBIOM 1.0,EMF30_D_Frozen-EF
379,MESSAGE-GLOBIOM 1.0,EMF30_D_Frozen-EF-EndU
380,MESSAGE-GLOBIOM 1.0,EMF30_D_Frozen-EF-SLCF
381,MESSAGE-GLOBIOM 1.0,EMF30_Slower-Action
382,MESSAGE-GLOBIOM 1.0,EMF30_Slower-to-faster
383,MESSAGE-GLOBIOM 1.0,EMF33_1.5C_cost100
384,MESSAGE-GLOBIOM 1.0,EMF33_1.5C_full
385,MESSAGE-GLOBIOM 1.0,EMF33_Baseline
386,MESSAGE-GLOBIOM 1.0,EMF33_Med2C_cost100
387,MESSAGE-GLOBIOM 1.0,EMF33_Med2C_full
388,MESSAGE-GLOBIOM 1.0,EMF33_Med2C_limbio
389,MESSAGE-GLOBIOM 1.0,EMF33_Med2C_nobeccs
390,MESSAGE-GLOBIOM 1.0,EMF33_Med2C_nofuel
391,MESSAGE-GLOBIOM 1.0,EMF33_Med2C_none
392,MESSAGE-GLOBIOM 1.0,EMF33_WB2C_cost100
393,MESSAGE-GLOBIOM 1.0,EMF33_WB2C_full
394,MESSAGE-GLOBIOM 1.0,EMF33_WB2C_limbio
395,MESSAGE-GLOBIOM 1.0,EMF33_WB2C_nofuel
396,MESSAGE-GLOBIOM 1.0,EMF33_tax_hi_full
397,MESSAGE-GLOBIOM 1.0,EMF33_tax_hi_none
398,MESSAGE-GLOBIOM 1.0,EMF33_tax_lo_full
399,MESSAGE-GLOBIOM 1.0,EMF33_tax_lo_none
400,MESSAGE-GLOBIOM 1.0,SSP1-26
401,MESSAGE-GLOBIOM 1.0,SSP1-34
402,MESSAGE-GLOBIOM 1.0,SSP1-45
403,MESSAGE-GLOBIOM 1.0,SSP1-Baseline
404,MESSAGE-GLOBIOM 1.0,SSP2-19
405,MESSAGE-GLOBIOM 1.0,SSP2-26
406,MESSAGE-GLOBIOM 1.0,SSP2-34
407,MESSAGE-GLOBIOM 1.0,SSP2-45
408,MESSAGE-GLOBIOM 1.0,SSP2-60
409,MESSAGE-GLOBIOM 1.0,SSP2-Baseline
410,MESSAGE-GLOBIOM 1.0,SSP3-34
411,MESSAGE-GLOBIOM 1.0,SSP3-45
412,MESSAGE-GLOBIOM 1.0,SSP3-60
413,MESSAGEix-GLOBIOM 1.0,CD-LINKS_INDC2030i_1600
414,MESSAGEix-GLOBIOM 1.0,CD-LINKS_INDCi
415,MESSAGEix-GLOBIOM 1.0,CD-LINKS_NDC2030i_1000
416,MESSAGEix-GLOBIOM 1.0,CD-LINKS_NPi
417,MESSAGEix-GLOBIOM 1.0,CD-LINKS_NPi2020_1000
418,MESSAGEix-GLOBIOM 1.0,CD-LINKS_NPi2020_1600
419,MESSAGEix-GLOBIOM 1.0,CD-LINKS_NPi2020_400
420,MESSAGEix-GLOBIOM 1.0,CD-LINKS_NoPolicy
421,MESSAGEix-GLOBIOM 1.0,LowEnergyDemand_1.3_IPCC
422,MESSAGEix-GLOBIOM_1.1,EN_INDCi2030_1000
423,MESSAGEix-GLOBIOM_1.1,EN_INDCi2030_1000_COV
424,MESSAGEix-GLOBIOM_1.1,EN_INDCi2030_1000_COV_NDCp
425,MESSAGEix-GLOBIOM_1.1,EN_INDCi2030_1000_NDCp
426,MESSAGEix-GLOBIOM_1.1,EN_INDCi2030_1000f
427,MESSAGEix-GLOBIOM_1.1,EN_INDCi2030_1000f_COV
428,MESSAGEix-GLOBIOM_1.1,EN_INDCi2030_1000f_COV_NDCp
429,MESSAGEix-GLOBIOM_1.1,EN_INDCi2030_1000f_NDCp
430,MESSAGEix-GLOBIOM_1.1,EN_INDCi2030_1200
431,MESSAGEix-GLOBIOM_1.1,EN_INDCi2030_1200_COV
432,MESSAGEix-GLOBIOM_1.1,EN_INDCi2030_1200_COV_NDCp
433,MESSAGEix-GLOBIOM_1.1,EN_INDCi2030_1200_NDCp
434,MESSAGEix-GLOBIOM_1.1,EN_INDCi2030_1200f
435,MESSAGEix-GLOBIOM_1.1,EN_INDCi2030_1200f_COV
436,MESSAGEix-GLOBIOM_1.1,EN_INDCi2030_1200f_COV_NDCp
437,MESSAGEix-GLOBIOM_1.1,EN_INDCi2030_1200f_NDCp
438,MESSAGEix-GLOBIOM_1.1,EN_INDCi2030_1400
439,MESSAGEix-GLOBIOM_1.1,EN_INDCi2030_1400_COV
440,MESSAGEix-GLOBIOM_1.1,EN_INDCi2030_1400_COV_NDCp
441,MESSAGEix-GLOBIOM_1.1,EN_INDCi2030_1400_NDCp
442,MESSAGEix-GLOBIOM_1.1,EN_INDCi2030_1400f
443,MESSAGEix-GLOBIOM_1.1,EN_INDCi2030_1400f_COV
444,MESSAGEix-GLOBIOM_1.1,EN_INDCi2030_1400f_COV_NDCp
445,MESSAGEix-GLOBIOM_1.1,EN_INDCi2030_1400f_NDCp
446,MESSAGEix-GLOBIOM_1.1,EN_INDCi2030_1600
447,MESSAGEix-GLOBIOM_1.1,EN_INDCi2030_1600_COV
448,MESSAGEix-GLOBIOM_1.1,EN_INDCi2030_1600_COV_NDCp
449,MESSAGEix-GLOBIOM_1.1,EN_INDCi2030_1600_NDCp
450,MESSAGEix-GLOBIOM_1.1,EN_INDCi2030_1600f
451,MESSAGEix-GLOBIOM_1.1,EN_INDCi2030_1600f_COV
452,MESSAGEix-GLOBIOM_1.1,EN_INDCi2030_1600f_COV_NDCp
453,MESSAGEix-GLOBIOM_1.1,EN_INDCi2030_1600f_NDCp
454,MESSAGEix-GLOBIOM_1.1,EN_INDCi2030_1800
455,MESSAGEix-GLOBIOM_1.1,EN_INDCi2030_1800_COV
456,MESSAGEix-GLOBIOM_1.1,EN_INDCi2030_1800_COV_NDCp
457,MESSAGEix-GLOBIOM_1.1,EN_INDCi2030_1800_NDCp
458,MESSAGEix-GLOBIOM_1.1,EN_INDCi2030_1800f
459,MESSAGEix-GLOBIOM_1.1,EN_INDCi2030_1800f_COV
460,MESSAGEix-GLOBIOM_1.1,EN_INDCi2030_1800f_COV_NDCp
461,MESSAGEix-GLOBIOM_1.1,EN_INDCi2030_1800f_NDCp
462,MESSAGEix-GLOBIOM_1.1,EN_INDCi2030_2000
463,MESSAGEix-GLOBIOM_1.1,EN_INDCi2030_2000_COV
464,MESSAGEix-GLOBIOM_1.1,EN_INDCi2030_2000_COV_NDCp
465,MESSAGEix-GLOBIOM_1.1,EN_INDCi2030_2000_NDCp
466,MESSAGEix-GLOBIOM_1.1,EN_INDCi2030_2000f
467,MESSAGEix-GLOBIOM_1.1,EN_INDCi2030_2000f_COV
468,MESSAGEix-GLOBIOM_1.1,EN_INDCi2030_2000f_COV_NDCp
469,MESSAGEix-GLOBIOM_1.1,EN_INDCi2030_2000f_NDCp
470,MESSAGEix-GLOBIOM_1.1,EN_INDCi2030_2500
471,MESSAGEix-GLOBIOM_1.1,EN_INDCi2030_2500_COV
472,MESSAGEix-GLOBIOM_1.1,EN_INDCi2030_2500_COV_NDCp
473,MESSAGEix-GLOBIOM_1.1,EN_INDCi2030_2500_NDCp
474,MESSAGEix-GLOBIOM_1.1,EN_INDCi2030_2500f
475,MESSAGEix-GLOBIOM_1.1,EN_INDCi2030_2500f_COV
476,MESSAGEix-GLOBIOM_1.1,EN_INDCi2030_2500f_COV_NDCp
477,MESSAGEix-GLOBIOM_1.1,EN_INDCi2030_2500f_NDCp
478,MESSAGEix-GLOBIOM_1.1,EN_INDCi2030_3000
479,MESSAGEix-GLOBIOM_1.1,EN_INDCi2030_3000_COV
480,MESSAGEix-GLOBIOM_1.1,EN_INDCi2030_3000_COV_NDCp
481,MESSAGEix-GLOBIOM_1.1,EN_INDCi2030_3000_NDCp
482,MESSAGEix-GLOBIOM_1.1,EN_INDCi2030_3000f
483,MESSAGEix-GLOBIOM_1.1,EN_INDCi2030_3000f_COV
484,MESSAGEix-GLOBIOM_1.1,EN_INDCi2030_3000f_COV_NDCp
485,MESSAGEix-GLOBIOM_1.1,EN_INDCi2030_3000f_NDCp
486,MESSAGEix-GLOBIOM_1.1,EN_INDCi2030_600f_COV
487,MESSAGEix-GLOBIOM_1.1,EN_INDCi2030_600f_COV_NDCp
488,MESSAGEix-GLOBIOM_1.1,EN_INDCi2030_700f
489,MESSAGEix-GLOBIOM_1.1,EN_INDCi2030_700f_COV
490,MESSAGEix-GLOBIOM_1.1,EN_INDCi2030_700f_COV_NDCp
491,MESSAGEix-GLOBIOM_1.1,EN_INDCi2030_700f_NDCp
492,MESSAGEix-GLOBIOM_1.1,EN_INDCi2030_800f
493,MESSAGEix-GLOBIOM_1.1,EN_INDCi2030_800f_COV
494,MESSAGEix-GLOBIOM_1.1,EN_INDCi2030_800f_COV_NDCp
495,MESSAGEix-GLOBIOM_1.1,EN_INDCi2030_800f_NDCp
496,MESSAGEix-GLOBIOM_1.1,EN_INDCi2030_900f
497,MESSAGEix-GLOBIOM_1.1,EN_INDCi2030_900f_COV
498,MESSAGEix-GLOBIOM_1.1,EN_INDCi2030_900f_COV_NDCp
499,MESSAGEix-GLOBIOM_1.1,EN_INDCi2030_900f_NDCp
500,MESSAGEix-GLOBIOM_1.1,EN_INDCi2030_950_COV
501,MESSAGEix-GLOBIOM_1.1,EN_INDCi2030_950_COV_NDCp
502,MESSAGEix-GLOBIOM_1.1,EN_INDCi2030_950f_COV
503,MESSAGEix-GLOBIOM_1.1,EN_INDCi2030_950f_COV_NDCp
504,MESSAGEix-GLOBIOM_1.1,EN_INDCi2100
505,MESSAGEix-GLOBIOM_1.1,EN_INDCi2100_COV
506,MESSAGEix-GLOBIOM_1.1,EN_INDCi2100_COV_NDCp
507,MESSAGEix-GLOBIOM_1.1,EN_INDCi2100_NDCp
508,MESSAGEix-GLOBIOM_1.1,EN_NPi2020_1000
509,MESSAGEix-GLOBIOM_1.1,EN_NPi2020_1000_COV
510,MESSAGEix-GLOBIOM_1.1,EN_NPi2020_1000_DR10p
511,MESSAGEix-GLOBIOM_1.1,EN_NPi2020_1000_DR1p
512,MESSAGEix-GLOBIOM_1.1,EN_NPi2020_1000_DR2p
513,MESSAGEix-GLOBIOM_1.1,EN_NPi2020_1000_DR3p
514,MESSAGEix-GLOBIOM_1.1,EN_NPi2020_1000_DR4p
515,MESSAGEix-GLOBIOM_1.1,EN_NPi2020_1000f
516,MESSAGEix-GLOBIOM_1.1,EN_NPi2020_1000f_COV
517,MESSAGEix-GLOBIOM_1.1,EN_NPi2020_1000f_DR10p
518,MESSAGEix-GLOBIOM_1.1,EN_NPi2020_1000f_DR1p
519,MESSAGEix-GLOBIOM_1.1,EN_NPi2020_1000f_DR2p
520,MESSAGEix-GLOBIOM_1.1,EN_NPi2020_1000f_DR3p
521,MESSAGEix-GLOBIOM_1.1,EN_NPi2020_1000f_DR4p
522,MESSAGEix-GLOBIOM_1.1,EN_NPi2020_1200
523,MESSAGEix-GLOBIOM_1.1,EN_NPi2020_1200_COV
524,MESSAGEix-GLOBIOM_1.1,EN_NPi2020_1200f
525,MESSAGEix-GLOBIOM_1.1,EN_NPi2020_1200f_COV
526,MESSAGEix-GLOBIOM_1.1,EN_NPi2020_1400
527,MESSAGEix-GLOBIOM_1.1,EN_NPi2020_1400_COV
528,MESSAGEix-GLOBIOM_1.1,EN_NPi2020_1400f
529,MESSAGEix-GLOBIOM_1.1,EN_NPi2020_1400f_COV
530,MESSAGEix-GLOBIOM_1.1,EN_NPi2020_1600
531,MESSAGEix-GLOBIOM_1.1,EN_NPi2020_1600_COV
532,MESSAGEix-GLOBIOM_1.1,EN_NPi2020_1600f
533,MESSAGEix-GLOBIOM_1.1,EN_NPi2020_1600f_COV
534,MESSAGEix-GLOBIOM_1.1,EN_NPi2020_1800
535,MESSAGEix-GLOBIOM_1.1,EN_NPi2020_1800_COV
536,MESSAGEix-GLOBIOM_1.1,EN_NPi2020_1800f
537,MESSAGEix-GLOBIOM_1.1,EN_NPi2020_1800f_COV
538,MESSAGEix-GLOBIOM_1.1,EN_NPi2020_2000
539,MESSAGEix-GLOBIOM_1.1,EN_NPi2020_2000_COV
540,MESSAGEix-GLOBIOM_1.1,EN_NPi2020_2000f
541,MESSAGEix-GLOBIOM_1.1,EN_NPi2020_2000f_COV
542,MESSAGEix-GLOBIOM_1.1,EN_NPi2020_200f
543,MESSAGEix-GLOBIOM_1.1,EN_NPi2020_2500
544,MESSAGEix-GLOBIOM_1.1,EN_NPi2020_2500_COV
545,MESSAGEix-GLOBIOM_1.1,EN_NPi2020_2500f
546,MESSAGEix-GLOBIOM_1.1,EN_NPi2020_2500f_COV
547,MESSAGEix-GLOBIOM_1.1,EN_NPi2020_3000
548,MESSAGEix-GLOBIOM_1.1,EN_NPi2020_3000_COV
549,MESSAGEix-GLOBIOM_1.1,EN_NPi2020_3000f
550,MESSAGEix-GLOBIOM_1.1,EN_NPi2020_3000f_COV
551,MESSAGEix-GLOBIOM_1.1,EN_NPi2020_300f
552,MESSAGEix-GLOBIOM_1.1,EN_NPi2020_400f
553,MESSAGEix-GLOBIOM_1.1,EN_NPi2020_450
554,MESSAGEix-GLOBIOM_1.1,EN_NPi2020_450f
555,MESSAGEix-GLOBIOM_1.1,EN_NPi2020_500
556,MESSAGEix-GLOBIOM_1.1,EN_NPi2020_500f
557,MESSAGEix-GLOBIOM_1.1,EN_NPi2020_600
558,MESSAGEix-GLOBIOM_1.1,EN_NPi2020_600_COV
559,MESSAGEix-GLOBIOM_1.1,EN_NPi2020_600_DR10p
560,MESSAGEix-GLOBIOM_1.1,EN_NPi2020_600_DR1p
561,MESSAGEix-GLOBIOM_1.1,EN_NPi2020_600_DR2p
562,MESSAGEix-GLOBIOM_1.1,EN_NPi2020_600_DR3p
563,MESSAGEix-GLOBIOM_1.1,EN_NPi2020_600_DR4p
564,MESSAGEix-GLOBIOM_1.1,EN_NPi2020_600f
565,MESSAGEix-GLOBIOM_1.1,EN_NPi2020_600f_COV
566,MESSAGEix-GLOBIOM_1.1,EN_NPi2020_600f_DR10p
567,MESSAGEix-GLOBIOM_1.1,EN_NPi2020_600f_DR1p
568,MESSAGEix-GLOBIOM_1.1,EN_NPi2020_600f_DR2p
569,MESSAGEix-GLOBIOM_1.1,EN_NPi2020_600f_DR3p
570,MESSAGEix-GLOBIOM_1.1,EN_NPi2020_600f_DR4p
571,MESSAGEix-GLOBIOM_1.1,EN_NPi2020_700
572,MESSAGEix-GLOBIOM_1.1,EN_NPi2020_700_COV
573,MESSAGEix-GLOBIOM_1.1,EN_NPi2020_700f
574,MESSAGEix-GLOBIOM_1.1,EN_NPi2020_700f_COV
575,MESSAGEix-GLOBIOM_1.1,EN_NPi2020_800
576,MESSAGEix-GLOBIOM_1.1,EN_NPi2020_800_COV
577,MESSAGEix-GLOBIOM_1.1,EN_NPi2020_800f
578,MESSAGEix-GLOBIOM_1.1,EN_NPi2020_800f_COV
579,MESSAGEix-GLOBIOM_1.1,EN_NPi2020_900
580,MESSAGEix-GLOBIOM_1.1,EN_NPi2020_900_COV
581,MESSAGEix-GLOBIOM_1.1,EN_NPi2020_900f
582,MESSAGEix-GLOBIOM_1.1,EN_NPi2020_900f_COV
583,MESSAGEix-GLOBIOM_1.1,EN_NPi2100
584,MESSAGEix-GLOBIOM_1.1,EN_NPi2100_COV
585,MESSAGEix-GLOBIOM_1.1,EN_NoPolicy
586,MESSAGEix-GLOBIOM_1.1,NGFS2_Below 2°C
587,MESSAGEix-GLOBIOM_1.1,NGFS2_Current Policies
588,MESSAGEix-GLOBIOM_1.1,NGFS2_Delayed Transition
589,MESSAGEix-GLOBIOM_1.1,NGFS2_Divergent Net Zero Policies
590,MESSAGEix-GLOBIOM_1.1,NGFS2_Nationally Determined Contributions (NDCs)
591,MESSAGEix-GLOBIOM_1.1,NGFS2_Net-Zero 2050
592,MESSAGEix-GLOBIOM_1.2,COV_GreenPush
593,MESSAGEix-GLOBIOM_1.2,COV_GreenPush_1000
594,MESSAGEix-GLOBIOM_1.2,COV_GreenPush_550
595,MESSAGEix-GLOBIOM_1.2,COV_GreenPush_max_GDP
596,MESSAGEix-GLOBIOM_1.2,COV_GreenPush_min_GDP
597,MESSAGEix-GLOBIOM_1.2,COV_NoPolicyNoCOVID
598,MESSAGEix-GLOBIOM_1.2,COV_NoPolicyNoCOVID_1000
599,MESSAGEix-GLOBIOM_1.2,COV_NoPolicyNoCOVID_550
600,MESSAGEix-GLOBIOM_1.2,COV_Restore
601,MESSAGEix-GLOBIOM_1.2,COV_Restore_1000
602,MESSAGEix-GLOBIOM_1.2,COV_Restore_550
603,MESSAGEix-GLOBIOM_1.2,COV_SelfReliance
604,MESSAGEix-GLOBIOM_1.2,COV_SelfReliance_1000
605,MESSAGEix-GLOBIOM_1.2,COV_SelfReliance_550
606,MESSAGEix-GLOBIOM_1.2,COV_SelfReliance_max_GDP
607,MESSAGEix-GLOBIOM_1.2,COV_SelfReliance_min_GDP
608,MESSAGEix-GLOBIOM_1.2,COV_SmartUse
609,MESSAGEix-GLOBIOM_1.2,COV_SmartUse_1000
610,MESSAGEix-GLOBIOM_1.2,COV_SmartUse_550
611,MESSAGEix-GLOBIOM_GEI 1.0,SSP2_int_lc_15
612,MESSAGEix-GLOBIOM_GEI 1.0,SSP2_int_lc_50
613,MESSAGEix-GLOBIOM_GEI 1.0,SSP2_int_mc_15
614,MESSAGEix-GLOBIOM_GEI 1.0,SSP2_int_mc_50
615,MESSAGEix-GLOBIOM_GEI 1.0,SSP2_noint_lc_15
616,MESSAGEix-GLOBIOM_GEI 1.0,SSP2_noint_lc_50
617,MESSAGEix-GLOBIOM_GEI 1.0,SSP2_noint_mc_15
618,MESSAGEix-GLOBIOM_GEI 1.0,SSP2_noint_mc_50
619,MESSAGEix-GLOBIOM_GEI 1.0,SSP2_openres_lc_100
620,MESSAGEix-GLOBIOM_GEI 1.0,SSP2_openres_lc_120
621,MESSAGEix-GLOBIOM_GEI 1.0,SSP2_openres_lc_15
622,MESSAGEix-GLOBIOM_GEI 1.0,SSP2_openres_lc_50
623,MESSAGEix-GLOBIOM_GEI 1.0,SSP2_openres_lc_80
624,MESSAGEix-GLOBIOM_GEI 1.0,SSP2_openres_lc_CB400
625,MESSAGEix-GLOBIOM_GEI 1.0,SSP2_openres_lc_CB450
626,MESSAGEix-GLOBIOM_GEI 1.0,SSP2_openres_lc_CB500
627,MESSAGEix-GLOBIOM_GEI 1.0,SSP2_openres_lc_CB550
628,MESSAGEix-GLOBIOM_GEI 1.0,SSP2_openres_lc_CB600
629,MESSAGEix-GLOBIOM_GEI 1.0,SSP2_openres_mc_15
630,MESSAGEix-GLOBIOM_GEI 1.0,SSP2_openres_mc_50
631,POLES ADVANCE,ADVANCE_2020_1.5C-2100
632,POLES ADVANCE,ADVANCE_2020_Med2C
633,POLES ADVANCE,ADVANCE_2020_WB2C
634,POLES ADVANCE,ADVANCE_2030_1.5C-2100
635,POLES ADVANCE,ADVANCE_2030_Med2C
636,POLES ADVANCE,ADVANCE_2030_Price1.5C
637,POLES ADVANCE,ADVANCE_2030_WB2C
638,POLES ADVANCE,ADVANCE_INDC
639,POLES ADVANCE,ADVANCE_NoPolicy
640,POLES ADVANCE,ADVANCE_Reference
641,POLES CD-LINKS,CD-LINKS_NoPolicy
642,POLES EMF30,EMF30_BCOC-EndU
643,POLES EMF30,EMF30_Baseline
644,POLES EMF30,EMF30_D_BCOC-Red
645,POLES EMF30,EMF30_D_CO2-Only
646,POLES EMF30,EMF30_D_Frozen-CH4
647,POLES EMF30,EMF30_D_Frozen-EF
648,POLES EMF30,EMF30_D_Frozen-EF-EndU
649,POLES EMF30,EMF30_D_Frozen-EF-SLCF
650,POLES EMF30,EMF30_Slower-to-faster
651,POLES EMF33,EMF33_Baseline
652,POLES EMF33,EMF33_Med2C_cost100
653,POLES EMF33,EMF33_Med2C_full
654,POLES EMF33,EMF33_Med2C_limbio
655,POLES EMF33,EMF33_Med2C_nobeccs
656,POLES EMF33,EMF33_Med2C_nofuel
657,POLES EMF33,EMF33_Med2C_none
658,POLES EMF33,EMF33_WB2C_cost100
659,POLES EMF33,EMF33_WB2C_full
660,POLES EMF33,EMF33_WB2C_nofuel
661,POLES EMF33,EMF33_tax_hi_full
662,POLES EMF33,EMF33_tax_hi_none
663,POLES EMF33,EMF33_tax_lo_full
664,POLES EMF33,EMF33_tax_lo_none
665,POLES ENGAGE,EN_INDCi2030_1000
666,POLES ENGAGE,EN_INDCi2030_1000_COV
667,POLES ENGAGE,EN_INDCi2030_1000_COV_NDCp
668,POLES ENGAGE,EN_INDCi2030_1000_NDCp
669,POLES ENGAGE,EN_INDCi2030_1000f
670,POLES ENGAGE,EN_INDCi2030_1000f_COV
671,POLES ENGAGE,EN_INDCi2030_1000f_COV_NDCp
672,POLES ENGAGE,EN_INDCi2030_1000f_NDCp
673,POLES ENGAGE,EN_INDCi2030_1200
674,POLES ENGAGE,EN_INDCi2030_1200f
675,POLES ENGAGE,EN_INDCi2030_1400
676,POLES ENGAGE,EN_INDCi2030_1400f
677,POLES ENGAGE,EN_INDCi2030_1600
678,POLES ENGAGE,EN_INDCi2030_1600f
679,POLES ENGAGE,EN_INDCi2030_1800
680,POLES ENGAGE,EN_INDCi2030_1800f
681,POLES ENGAGE,EN_INDCi2030_2000
682,POLES ENGAGE,EN_INDCi2030_2000f
683,POLES ENGAGE,EN_INDCi2030_2500
684,POLES ENGAGE,EN_INDCi2030_2500f
685,POLES ENGAGE,EN_INDCi2030_3000
686,POLES ENGAGE,EN_INDCi2030_3000f
687,POLES ENGAGE,EN_INDCi2030_300f
688,POLES ENGAGE,EN_INDCi2030_400f
689,POLES ENGAGE,EN_INDCi2030_500f
690,POLES ENGAGE,EN_INDCi2030_600f
691,POLES ENGAGE,EN_INDCi2030_600f_COV
692,POLES ENGAGE,EN_INDCi2030_600f_COV_NDCp
693,POLES ENGAGE,EN_INDCi2030_600f_NDCp
694,POLES ENGAGE,EN_INDCi2030_700f
695,POLES ENGAGE,EN_INDCi2030_800f
696,POLES ENGAGE,EN_INDCi2030_900
697,POLES ENGAGE,EN_INDCi2030_900f
698,POLES ENGAGE,EN_INDCi2100
699,POLES ENGAGE,EN_INDCi2100_COV
700,POLES ENGAGE,EN_INDCi2100_COV_NDCp
701,POLES ENGAGE,EN_INDCi2100_NDCp
702,POLES ENGAGE,EN_NPi2020_1000
703,POLES ENGAGE,EN_NPi2020_1000_COV
704,POLES ENGAGE,EN_NPi2020_1000f
705,POLES ENGAGE,EN_NPi2020_1000f_COV
706,POLES ENGAGE,EN_NPi2020_1200
707,POLES ENGAGE,EN_NPi2020_1200f
708,POLES ENGAGE,EN_NPi2020_1400
709,POLES ENGAGE,EN_NPi2020_1400f
710,POLES ENGAGE,EN_NPi2020_1600
711,POLES ENGAGE,EN_NPi2020_1600f
712,POLES ENGAGE,EN_NPi2020_1800
713,POLES ENGAGE,EN_NPi2020_1800f
714,POLES ENGAGE,EN_NPi2020_2000
715,POLES ENGAGE,EN_NPi2020_2000f
716,POLES ENGAGE,EN_NPi2020_2500
717,POLES ENGAGE,EN_NPi2020_2500f
718,POLES ENGAGE,EN_NPi2020_3000
719,POLES ENGAGE,EN_NPi2020_3000f
720,POLES ENGAGE,EN_NPi2020_300f
721,POLES ENGAGE,EN_NPi2020_400f
722,POLES ENGAGE,EN_NPi2020_500
723,POLES ENGAGE,EN_NPi2020_500f
724,POLES ENGAGE,EN_NPi2020_600
725,POLES ENGAGE,EN_NPi2020_600f
726,POLES ENGAGE,EN_NPi2020_600f_COV
727,POLES ENGAGE,EN_NPi2020_700
728,POLES ENGAGE,EN_NPi2020_700f
729,POLES ENGAGE,EN_NPi2020_800
730,POLES ENGAGE,EN_NPi2020_800f
731,POLES ENGAGE,EN_NPi2020_900
732,POLES ENGAGE,EN_NPi2020_900f
733,POLES ENGAGE,EN_NPi2100
734,POLES ENGAGE,EN_NPi2100_COV
735,POLES GECO2019,CO_2Deg2020
736,POLES GECO2019,CO_2Deg2030
737,POLES GECO2019,CO_BAU
738,POLES GECO2019,CO_Bridge
739,POLES GECO2019,CO_Bridge_notax
740,POLES GECO2019,CO_CurPol
741,POLES GECO2019,CO_GPP
742,POLES GECO2019,CO_GPP_notax
743,POLES GECO2019,CO_NDC_2050convergence
744,POLES GECO2019,CO_NDCplus
745,REMIND 1.6,EMF30_BCOC-EndU
746,REMIND 1.6,EMF30_Baseline
747,REMIND 1.6,EMF30_CH4-Only
748,REMIND 1.6,EMF30_D_BCOC-Red
749,REMIND 1.6,EMF30_D_CH4-ClimPolicy
750,REMIND 1.6,EMF30_D_Frozen-CH4
751,REMIND 1.6,EMF30_D_Frozen-EF
752,REMIND 1.6,EMF30_D_Frozen-EF-EndU
753,REMIND 1.6,EMF30_D_Frozen-EF-SLCF
754,REMIND 1.6,EMF30_SLCF
755,REMIND 1.6,EMF30_Slower-Action
756,REMIND 1.6,EMF30_Slower-Action+SLCF
757,REMIND 1.6,EMF30_Slower-to-faster
758,REMIND 1.6,EMF30_Slower-to-faster+SLCF
759,REMIND 1.6,EMF30_Slower-to-faster+SLCF+HFC
760,REMIND 1.7,ADVANCE_2020_1.5C-2100
761,REMIND 1.7,ADVANCE_2020_Med2C
762,REMIND 1.7,ADVANCE_2020_WB2C
763,REMIND 1.7,ADVANCE_2030_1.5C-2100
764,REMIND 1.7,ADVANCE_2030_Med2C
765,REMIND 1.7,ADVANCE_2030_Price1.5C
766,REMIND 1.7,ADVANCE_2030_WB2C
767,REMIND 1.7,ADVANCE_INDC
768,REMIND 1.7,ADVANCE_NoPolicy
769,REMIND 1.7,ADVANCE_Reference
770,REMIND 1.7,CEMICS-1.5-CDR12
771,REMIND 1.7,CEMICS-1.5-CDR20
772,REMIND 1.7,CEMICS-1.5-CDR8
773,REMIND 1.7,CEMICS-2.0-CDR12
774,REMIND 1.7,CEMICS-2.0-CDR20
775,REMIND 1.7,CEMICS-2.0-CDR8
776,REMIND 1.7,CEMICS-Ref
777,REMIND 2.1,CEMICS_GDPgrowth_1p5
778,REMIND 2.1,CEMICS_GDPgrowth_2C
779,REMIND 2.1,CEMICS_HotellingConst_1p5
780,REMIND 2.1,CEMICS_HotellingConst_2C
781,REMIND 2.1,CEMICS_Linear_1p5
782,REMIND 2.1,CEMICS_Linear_2C
783,REMIND 2.1,CEMICS_NPI
784,REMIND 2.1,CEMICS_opt_1p5
785,REMIND 2.1,CEMICS_opt_2C
786,REMIND 2.1,LeastTotalCost_Base_brkLR15_SSP1_P50
787,REMIND 2.1,LeastTotalCost_Base_brkLR15_SSP2_P50
788,REMIND 2.1,LeastTotalCost_Base_brkLR15_SSP5_P50
789,REMIND 2.1,LeastTotalCost_Base_brkSR15_SSP1_P50
790,REMIND 2.1,LeastTotalCost_Base_brkSR15_SSP2_P50
791,REMIND 2.1,LeastTotalCost_Base_brkSR15_SSP5_P50
792,REMIND 2.1,LeastTotalCost_CBA_brkLR15_SSP2_P50
793,REMIND 2.1,LeastTotalCost_CBA_brkSR15_SSP2_P50
794,REMIND 2.1,LeastTotalCost_CEA_brkLR15_SSP2_P50
795,REMIND 2.1,LeastTotalCost_CEA_brkSR15_SSP2_P50
796,REMIND 2.1,LeastTotalCost_LTC_brkLR15_SSP1_P50
797,REMIND 2.1,LeastTotalCost_LTC_brkLR15_SSP2_P50
798,REMIND 2.1,LeastTotalCost_LTC_brkLR15_SSP5_P50
799,REMIND 2.1,LeastTotalCost_LTC_brkSR15_SSP1_P50
800,REMIND 2.1,LeastTotalCost_LTC_brkSR15_SSP2_P50
801,REMIND 2.1,LeastTotalCost_LTC_brkSR15_SSP5_P50
802,REMIND 2.1,LeastTotalCost_NDC_brkLR15_SSP2_P50
803,REMIND 2.1,LeastTotalCost_NDC_brkSR15_SSP2_P50
804,REMIND 2.1,LeastTotalCost_NPi_brkLR15_SSP1_P50
805,REMIND 2.1,LeastTotalCost_NPi_brkLR15_SSP2_P50
806,REMIND 2.1,LeastTotalCost_NPi_brkLR15_SSP5_P50
807,REMIND 2.1,LeastTotalCost_NPi_brkSR15_SSP1_P50
808,REMIND 2.1,LeastTotalCost_NPi_brkSR15_SSP2_P50
809,REMIND 2.1,LeastTotalCost_NPi_brkSR15_SSP5_P50
810,REMIND 2.1,R2p1_SSP1-Base
811,REMIND 2.1,R2p1_SSP1-NDC
812,REMIND 2.1,R2p1_SSP1-NPi
813,REMIND 2.1,R2p1_SSP1-PkBudg1100
814,REMIND 2.1,R2p1_SSP1-PkBudg1300
815,REMIND 2.1,R2p1_SSP1-PkBudg900
816,REMIND 2.1,R2p1_SSP2-Base
817,REMIND 2.1,R2p1_SSP2-NDC
818,REMIND 2.1,R2p1_SSP2-NPi
819,REMIND 2.1,R2p1_SSP2-PkBudg1100
820,REMIND 2.1,R2p1_SSP2-PkBudg1300
821,REMIND 2.1,R2p1_SSP2-PkBudg900
822,REMIND 2.1,R2p1_SSP5-Base
823,REMIND 2.1,R2p1_SSP5-NDC
824,REMIND 2.1,R2p1_SSP5-NPi
825,REMIND 2.1,R2p1_SSP5-PkBudg1100
826,REMIND 2.1,R2p1_SSP5-PkBudg1300
827,REMIND 2.1,R2p1_SSP5-PkBudg900
828,REMIND 2.1,TechCost-SSP2-B1100-bioH
829,REMIND 2.1,TechCost-SSP2-B1100-ccsH
830,REMIND 2.1,TechCost-SSP2-B1100-coalH
831,REMIND 2.1,TechCost-SSP2-B1100-elh2H
832,REMIND 2.1,TechCost-SSP2-B1100-gasH
833,REMIND 2.1,TechCost-SSP2-B1100-nucH
834,REMIND 2.1,TechCost-SSP2-B1100-oilH
835,REMIND 2.1,TechCost-SSP2-B1100-spvH
836,REMIND 2.1,TechCost-SSP2-B1100-windH
837,REMIND-Buildings 2.0,BEG-Base
838,REMIND-Buildings 2.0,BEG-Budg600
839,REMIND-Buildings 2.0,BEG-Budg600-EG
840,REMIND-Buildings 2.0,BEG-EG
841,REMIND-MAgPIE 1.5,SSP1-19
842,REMIND-MAgPIE 1.5,SSP1-26
843,REMIND-MAgPIE 1.5,SSP1-34
844,REMIND-MAgPIE 1.5,SSP1-45
845,REMIND-MAgPIE 1.5,SSP1-Baseline
846,REMIND-MAgPIE 1.5,SSP2-19
847,REMIND-MAgPIE 1.5,SSP2-26
848,REMIND-MAgPIE 1.5,SSP2-34
849,REMIND-MAgPIE 1.5,SSP2-45
850,REMIND-MAgPIE 1.5,SSP2-60
851,REMIND-MAgPIE 1.5,SSP2-Baseline
852,REMIND-MAgPIE 1.5,SSP5-19
853,REMIND-MAgPIE 1.5,SSP5-26
854,REMIND-MAgPIE 1.5,SSP5-34
855,REMIND-MAgPIE 1.5,SSP5-45
856,REMIND-MAgPIE 1.5,SSP5-60
857,REMIND-MAgPIE 1.5,SSP5-Baseline
858,REMIND-MAgPIE 1.7-3.0,CD-LINKS_INDC2030i_1000
859,REMIND-MAgPIE 1.7-3.0,CD-LINKS_INDC2030i_1600
860,REMIND-MAgPIE 1.7-3.0,CD-LINKS_INDC2030i_400
861,REMIND-MAgPIE 1.7-3.0,CD-LINKS_INDCi
862,REMIND-MAgPIE 1.7-3.0,CD-LINKS_NDC2030i_1000
863,REMIND-MAgPIE 1.7-3.0,CD-LINKS_NPi
864,REMIND-MAgPIE 1.7-3.0,CD-LINKS_NPi2020_1000
865,REMIND-MAgPIE 1.7-3.0,CD-LINKS_NPi2020_1600
866,REMIND-MAgPIE 1.7-3.0,CD-LINKS_NPi2020_400
867,REMIND-MAgPIE 1.7-3.0,CD-LINKS_NoPolicy
868,REMIND-MAgPIE 1.7-3.0,CO_2Deg2020
869,REMIND-MAgPIE 1.7-3.0,CO_2Deg2030
870,REMIND-MAgPIE 1.7-3.0,CO_BAU
871,REMIND-MAgPIE 1.7-3.0,CO_Bridge
872,REMIND-MAgPIE 1.7-3.0,CO_CurPol
873,REMIND-MAgPIE 1.7-3.0,CO_GPP
874,REMIND-MAgPIE 1.7-3.0,CO_NDCplus
875,REMIND-MAgPIE 1.7-3.0,EMF33_1.5C_cost100
876,REMIND-MAgPIE 1.7-3.0,EMF33_1.5C_full
877,REMIND-MAgPIE 1.7-3.0,EMF33_1.5C_nofuel
878,REMIND-MAgPIE 1.7-3.0,EMF33_Baseline
879,REMIND-MAgPIE 1.7-3.0,EMF33_Med2C_cost100
880,REMIND-MAgPIE 1.7-3.0,EMF33_Med2C_full
881,REMIND-MAgPIE 1.7-3.0,EMF33_Med2C_limbio
882,REMIND-MAgPIE 1.7-3.0,EMF33_Med2C_nobeccs
883,REMIND-MAgPIE 1.7-3.0,EMF33_Med2C_nofuel
884,REMIND-MAgPIE 1.7-3.0,EMF33_Med2C_none
885,REMIND-MAgPIE 1.7-3.0,EMF33_WB2C_cost100
886,REMIND-MAgPIE 1.7-3.0,EMF33_WB2C_full
887,REMIND-MAgPIE 1.7-3.0,EMF33_WB2C_limbio
888,REMIND-MAgPIE 1.7-3.0,EMF33_WB2C_nobeccs
889,REMIND-MAgPIE 1.7-3.0,EMF33_WB2C_nofuel
890,REMIND-MAgPIE 1.7-3.0,EMF33_WB2C_none
891,REMIND-MAgPIE 1.7-3.0,EMF33_tax_hi_full
892,REMIND-MAgPIE 1.7-3.0,EMF33_tax_hi_none
893,REMIND-MAgPIE 1.7-3.0,EMF33_tax_lo_full
894,REMIND-MAgPIE 1.7-3.0,EMF33_tax_lo_none
895,REMIND-MAgPIE 1.7-3.0,PEP_1p5C_full_NDC
896,REMIND-MAgPIE 1.7-3.0,PEP_1p5C_full_eff
897,REMIND-MAgPIE 1.7-3.0,PEP_1p5C_full_goodpractice
898,REMIND-MAgPIE 1.7-3.0,PEP_1p5C_full_netzero
899,REMIND-MAgPIE 1.7-3.0,PEP_1p5C_red_eff
900,REMIND-MAgPIE 1.7-3.0,PEP_2C_full_NDC
901,REMIND-MAgPIE 1.7-3.0,PEP_2C_full_eff
902,REMIND-MAgPIE 1.7-3.0,PEP_2C_full_goodpractice
903,REMIND-MAgPIE 1.7-3.0,PEP_2C_full_netzero
904,REMIND-MAgPIE 1.7-3.0,PEP_2C_red_NDC
905,REMIND-MAgPIE 1.7-3.0,PEP_2C_red_eff
906,REMIND-MAgPIE 1.7-3.0,PEP_2C_red_goodpractice
907,REMIND-MAgPIE 1.7-3.0,PEP_2C_red_netzero
908,REMIND-MAgPIE 1.7-3.0,PEP_NDC
909,REMIND-MAgPIE 1.7-3.0,PEP_NPi
910,REMIND-MAgPIE 1.7-3.0,PEP_NoPolicy
911,REMIND-MAgPIE 1.7-3.0,PEP_goodpractice
912,REMIND-MAgPIE 1.7-3.0,PEP_netzero
913,REMIND-MAgPIE 1.7-3.0,SMP_2C_lifesty
914,REMIND-MAgPIE 1.7-3.0,SMP_REF_Def
915,REMIND-MAgPIE 1.7-3.0,SMP_REF_Sust
916,REMIND-MAgPIE 2.0-4.1,Diff_1300Gt_hybrid_def
917,REMIND-MAgPIE 2.0-4.1,Diff_1300Gt_no-transfer_def
918,REMIND-MAgPIE 2.0-4.1,Diff_1300Gt_uniform-pricing_def
919,REMIND-MAgPIE 2.0-4.1,Diff_No-policy_baseline
920,REMIND-MAgPIE 2.1-4.2,CEMICS_SSP1-1p5C-fullCDR
921,REMIND-MAgPIE 2.1-4.2,CEMICS_SSP1-1p5C-minCDR
922,REMIND-MAgPIE 2.1-4.2,CEMICS_SSP1-Npi
923,REMIND-MAgPIE 2.1-4.2,CEMICS_SSP2-1p5C-fullCDR
924,REMIND-MAgPIE 2.1-4.2,CEMICS_SSP2-1p5C-minCDR
925,REMIND-MAgPIE 2.1-4.2,CEMICS_SSP2-2C-fullCDR
926,REMIND-MAgPIE 2.1-4.2,CEMICS_SSP2-2C-minCDR
927,REMIND-MAgPIE 2.1-4.2,CEMICS_SSP2-Npi
928,REMIND-MAgPIE 2.1-4.2,EN_INDCi2030_1000
929,REMIND-MAgPIE 2.1-4.2,EN_INDCi2030_1000_COV
930,REMIND-MAgPIE 2.1-4.2,EN_INDCi2030_1000_COV_NDCp
931,REMIND-MAgPIE 2.1-4.2,EN_INDCi2030_1000_NDCp
932,REMIND-MAgPIE 2.1-4.2,EN_INDCi2030_1000f
933,REMIND-MAgPIE 2.1-4.2,EN_INDCi2030_1000f_COV
934,REMIND-MAgPIE 2.1-4.2,EN_INDCi2030_1000f_COV_NDCp
935,REMIND-MAgPIE 2.1-4.2,EN_INDCi2030_1000f_NDCp
936,REMIND-MAgPIE 2.1-4.2,EN_INDCi2030_1200
937,REMIND-MAgPIE 2.1-4.2,EN_INDCi2030_1200f
938,REMIND-MAgPIE 2.1-4.2,EN_INDCi2030_1400
939,REMIND-MAgPIE 2.1-4.2,EN_INDCi2030_1400f
940,REMIND-MAgPIE 2.1-4.2,EN_INDCi2030_1600
941,REMIND-MAgPIE 2.1-4.2,EN_INDCi2030_1600f
942,REMIND-MAgPIE 2.1-4.2,EN_INDCi2030_1800
943,REMIND-MAgPIE 2.1-4.2,EN_INDCi2030_1800f
944,REMIND-MAgPIE 2.1-4.2,EN_INDCi2030_2000
945,REMIND-MAgPIE 2.1-4.2,EN_INDCi2030_2000f
946,REMIND-MAgPIE 2.1-4.2,EN_INDCi2030_2500
947,REMIND-MAgPIE 2.1-4.2,EN_INDCi2030_2500f
948,REMIND-MAgPIE 2.1-4.2,EN_INDCi2030_3000
949,REMIND-MAgPIE 2.1-4.2,EN_INDCi2030_3000f
950,REMIND-MAgPIE 2.1-4.2,EN_INDCi2030_300f
951,REMIND-MAgPIE 2.1-4.2,EN_INDCi2030_400f
952,REMIND-MAgPIE 2.1-4.2,EN_INDCi2030_500f
953,REMIND-MAgPIE 2.1-4.2,EN_INDCi2030_600_COV
954,REMIND-MAgPIE 2.1-4.2,EN_INDCi2030_600_COV_NDCp
955,REMIND-MAgPIE 2.1-4.2,EN_INDCi2030_600f
956,REMIND-MAgPIE 2.1-4.2,EN_INDCi2030_600f_COV
957,REMIND-MAgPIE 2.1-4.2,EN_INDCi2030_600f_COV_NDCp
958,REMIND-MAgPIE 2.1-4.2,EN_INDCi2030_600f_NDCp
959,REMIND-MAgPIE 2.1-4.2,EN_INDCi2030_700
960,REMIND-MAgPIE 2.1-4.2,EN_INDCi2030_700f
961,REMIND-MAgPIE 2.1-4.2,EN_INDCi2030_800
962,REMIND-MAgPIE 2.1-4.2,EN_INDCi2030_800f
963,REMIND-MAgPIE 2.1-4.2,EN_INDCi2030_900
964,REMIND-MAgPIE 2.1-4.2,EN_INDCi2030_900f
965,REMIND-MAgPIE 2.1-4.2,EN_INDCi2100
966,REMIND-MAgPIE 2.1-4.2,EN_INDCi2100_COV
967,REMIND-MAgPIE 2.1-4.2,EN_INDCi2100_COV_NDCp
968,REMIND-MAgPIE 2.1-4.2,EN_INDCi2100_NDCp
969,REMIND-MAgPIE 2.1-4.2,EN_NPi2020_1000
970,REMIND-MAgPIE 2.1-4.2,EN_NPi2020_1000_COV
971,REMIND-MAgPIE 2.1-4.2,EN_NPi2020_1000f
972,REMIND-MAgPIE 2.1-4.2,EN_NPi2020_1000f_COV
973,REMIND-MAgPIE 2.1-4.2,EN_NPi2020_1200
974,REMIND-MAgPIE 2.1-4.2,EN_NPi2020_1200f
975,REMIND-MAgPIE 2.1-4.2,EN_NPi2020_1400
976,REMIND-MAgPIE 2.1-4.2,EN_NPi2020_1400f
977,REMIND-MAgPIE 2.1-4.2,EN_NPi2020_1600
978,REMIND-MAgPIE 2.1-4.2,EN_NPi2020_1600f
979,REMIND-MAgPIE 2.1-4.2,EN_NPi2020_1800
980,REMIND-MAgPIE 2.1-4.2,EN_NPi2020_1800f
981,REMIND-MAgPIE 2.1-4.2,EN_NPi2020_2000
982,REMIND-MAgPIE 2.1-4.2,EN_NPi2020_2000f
983,REMIND-MAgPIE 2.1-4.2,EN_NPi2020_200f
984,REMIND-MAgPIE 2.1-4.2,EN_NPi2020_2500
985,REMIND-MAgPIE 2.1-4.2,EN_NPi2020_2500f
986,REMIND-MAgPIE 2.1-4.2,EN_NPi2020_3000
987,REMIND-MAgPIE 2.1-4.2,EN_NPi2020_3000f
988,REMIND-MAgPIE 2.1-4.2,EN_NPi2020_300f
989,REMIND-MAgPIE 2.1-4.2,EN_NPi2020_400
990,REMIND-MAgPIE 2.1-4.2,EN_NPi2020_400f
991,REMIND-MAgPIE 2.1-4.2,EN_NPi2020_500
992,REMIND-MAgPIE 2.1-4.2,EN_NPi2020_500f
993,REMIND-MAgPIE 2.1-4.2,EN_NPi2020_600
994,REMIND-MAgPIE 2.1-4.2,EN_NPi2020_600_COV
995,REMIND-MAgPIE 2.1-4.2,EN_NPi2020_600f
996,REMIND-MAgPIE 2.1-4.2,EN_NPi2020_600f_COV
997,REMIND-MAgPIE 2.1-4.2,EN_NPi2020_700
998,REMIND-MAgPIE 2.1-4.2,EN_NPi2020_700f
999,REMIND-MAgPIE 2.1-4.2,EN_NPi2020_800
1000,REMIND-MAgPIE 2.1-4.2,EN_NPi2020_800f
1001,REMIND-MAgPIE 2.1-4.2,EN_NPi2020_900
1002,REMIND-MAgPIE 2.1-4.2,EN_NPi2020_900f
1003,REMIND-MAgPIE 2.1-4.2,EN_NPi2100
1004,REMIND-MAgPIE 2.1-4.2,EN_NPi2100_COV
1005,REMIND-MAgPIE 2.1-4.2,EN_NoPolicy
1006,REMIND-MAgPIE 2.1-4.2,NGFS2_Below 2°C
1007,REMIND-MAgPIE 2.1-4.2,NGFS2_Below 2°C - IPD-95th
1008,REMIND-MAgPIE 2.1-4.2,NGFS2_Below 2°C - IPD-median
1009,REMIND-MAgPIE 2.1-4.2,NGFS2_Current Policies
1010,REMIND-MAgPIE 2.1-4.2,NGFS2_Current Policies - IPD-95th
1011,REMIND-MAgPIE 2.1-4.2,NGFS2_Current Policies - IPD-median
1012,REMIND-MAgPIE 2.1-4.2,NGFS2_Delayed Transition
1013,REMIND-MAgPIE 2.1-4.2,NGFS2_Divergent Net Zero Policies
1014,REMIND-MAgPIE 2.1-4.2,NGFS2_Nationally Determined Contributions (NDCs)
1015,REMIND-MAgPIE 2.1-4.2,NGFS2_Net-Zero 2050
1016,REMIND-MAgPIE 2.1-4.2,NGFS2_Net-Zero 2050 - IPD-95th
1017,REMIND-MAgPIE 2.1-4.2,NGFS2_Net-Zero 2050 - IPD-median
1018,REMIND-MAgPIE 2.1-4.2,SusDev_SDP-NPi
1019,REMIND-MAgPIE 2.1-4.2,SusDev_SDP-PkBudg1000
1020,REMIND-MAgPIE 2.1-4.2,SusDev_SSP1-NDC
1021,REMIND-MAgPIE 2.1-4.2,SusDev_SSP1-NPi
1022,REMIND-MAgPIE 2.1-4.2,SusDev_SSP1-PkBudg900
1023,REMIND-MAgPIE 2.1-4.2,SusDev_SSP2-NDC
1024,REMIND-MAgPIE 2.1-4.2,SusDev_SSP2-NPi
1025,REMIND-MAgPIE 2.1-4.2,SusDev_SSP2-PkBudg900
1026,REMIND-MAgPIE 2.1-4.3,DeepElec_SSP2_ HighRE_Budg1100
1027,REMIND-MAgPIE 2.1-4.3,DeepElec_SSP2_ HighRE_Budg1300
1028,REMIND-MAgPIE 2.1-4.3,DeepElec_SSP2_ HighRE_Budg900
1029,REMIND-MAgPIE 2.1-4.3,DeepElec_SSP2_Base
1030,REMIND-MAgPIE 2.1-4.3,DeepElec_SSP2_Npi
1031,REMIND-MAgPIE 2.1-4.3,DeepElec_SSP2_def_Budg1100
1032,REMIND-MAgPIE 2.1-4.3,DeepElec_SSP2_def_Budg1300
1033,REMIND-MAgPIE 2.1-4.3,DeepElec_SSP2_def_Budg900
1034,REMIND-Transport 2.1,Transport_Budg1100_Conv
1035,REMIND-Transport 2.1,Transport_Budg1100_Conv-LowD
1036,REMIND-Transport 2.1,Transport_Budg1100_ConvSyn
1037,REMIND-Transport 2.1,Transport_Budg1100_ElecPush
1038,REMIND-Transport 2.1,Transport_Budg1100_ElecPush-LowD
1039,REMIND-Transport 2.1,Transport_Budg1100_H2Push
1040,REMIND-Transport 2.1,Transport_NDC_Conv
1041,REMIND-Transport 2.1,Transport_NPi_Conv
1042,TIAM-ECN 1.1,EN_INDCi2030_1000
1043,TIAM-ECN 1.1,EN_INDCi2030_1000_COV
1044,TIAM-ECN 1.1,EN_INDCi2030_1000_NDCp
1045,TIAM-ECN 1.1,EN_INDCi2030_1000f
1046,TIAM-ECN 1.1,EN_INDCi2030_1000f_COV
1047,TIAM-ECN 1.1,EN_INDCi2030_1000f_NDCp
1048,TIAM-ECN 1.1,EN_INDCi2030_1200
1049,TIAM-ECN 1.1,EN_INDCi2030_1200f
1050,TIAM-ECN 1.1,EN_INDCi2030_1400
1051,TIAM-ECN 1.1,EN_INDCi2030_1400f
1052,TIAM-ECN 1.1,EN_INDCi2030_1600
1053,TIAM-ECN 1.1,EN_INDCi2030_1600f
1054,TIAM-ECN 1.1,EN_INDCi2030_2000
1055,TIAM-ECN 1.1,EN_INDCi2030_2000f
1056,TIAM-ECN 1.1,EN_INDCi2030_2500
1057,TIAM-ECN 1.1,EN_INDCi2030_2500f
1058,TIAM-ECN 1.1,EN_INDCi2030_3000
1059,TIAM-ECN 1.1,EN_INDCi2030_3000f
1060,TIAM-ECN 1.1,EN_INDCi2030_900
1061,TIAM-ECN 1.1,EN_INDCi2030_900f
1062,TIAM-ECN 1.1,EN_INDCi2100
1063,TIAM-ECN 1.1,EN_INDCi2100_COV
1064,TIAM-ECN 1.1,EN_INDCi2100_NDCp
1065,TIAM-ECN 1.1,EN_NPi2020_1000
1066,TIAM-ECN 1.1,EN_NPi2020_1000_COV
1067,TIAM-ECN 1.1,EN_NPi2020_1000f
1068,TIAM-ECN 1.1,EN_NPi2020_1000f_COV
1069,TIAM-ECN 1.1,EN_NPi2020_1200
1070,TIAM-ECN 1.1,EN_NPi2020_1200f
1071,TIAM-ECN 1.1,EN_NPi2020_1400
1072,TIAM-ECN 1.1,EN_NPi2020_1400f
1073,TIAM-ECN 1.1,EN_NPi2020_1600
1074,TIAM-ECN 1.1,EN_NPi2020_1600f
1075,TIAM-ECN 1.1,EN_NPi2020_2000
1076,TIAM-ECN 1.1,EN_NPi2020_2000f
1077,TIAM-ECN 1.1,EN_NPi2020_2500
1078,TIAM-ECN 1.1,EN_NPi2020_2500f
1079,TIAM-ECN 1.1,EN_NPi2020_3000
1080,TIAM-ECN 1.1,EN_NPi2020_3000f
1081,TIAM-ECN 1.1,EN_NPi2020_800
1082,TIAM-ECN 1.1,EN_NPi2020_800f
1083,TIAM-ECN 1.1,EN_NPi2020_900
1084,TIAM-ECN 1.1,EN_NPi2020_900f
1085,TIAM-ECN 1.1,EN_NPi2100
1086,TIAM-ECN 1.1,EN_NPi2100_COV
1087,WITCH 4.6,DISCRATE_Ref_dr2p
1088,WITCH 4.6,DISCRATE_Ref_dr3p
1089,WITCH 4.6,DISCRATE_Ref_dr4p
1090,WITCH 4.6,DISCRATE_Ref_dr5p
1091,WITCH 5.0,CO_2Deg2020
1092,WITCH 5.0,CO_2Deg2030
1093,WITCH 5.0,CO_BAU
1094,WITCH 5.0,CO_Bridge
1095,WITCH 5.0,CO_CurPol
1096,WITCH 5.0,CO_GPP
1097,WITCH 5.0,CO_NDC_2050convergence
1098,WITCH 5.0,CO_NDCplus
1099,WITCH 5.0,EN_INDCi2030_1000
1100,WITCH 5.0,EN_INDCi2030_1000_NDCp
1101,WITCH 5.0,EN_INDCi2030_1000f
1102,WITCH 5.0,EN_INDCi2030_1000f_NDCp
1103,WITCH 5.0,EN_INDCi2030_1200
1104,WITCH 5.0,EN_INDCi2030_1200_NDCp
1105,WITCH 5.0,EN_INDCi2030_1200f
1106,WITCH 5.0,EN_INDCi2030_1200f_NDCp
1107,WITCH 5.0,EN_INDCi2030_1400
1108,WITCH 5.0,EN_INDCi2030_1400_NDCp
1109,WITCH 5.0,EN_INDCi2030_1400f
1110,WITCH 5.0,EN_INDCi2030_1400f_NDCp
1111,WITCH 5.0,EN_INDCi2030_1600
1112,WITCH 5.0,EN_INDCi2030_1600_NDCp
1113,WITCH 5.0,EN_INDCi2030_1600f
1114,WITCH 5.0,EN_INDCi2030_1600f_NDCp
1115,WITCH 5.0,EN_INDCi2030_1800
1116,WITCH 5.0,EN_INDCi2030_1800_NDCp
1117,WITCH 5.0,EN_INDCi2030_1800f
1118,WITCH 5.0,EN_INDCi2030_1800f_NDCp
1119,WITCH 5.0,EN_INDCi2030_2000
1120,WITCH 5.0,EN_INDCi2030_2000_NDCp
1121,WITCH 5.0,EN_INDCi2030_2000f
1122,WITCH 5.0,EN_INDCi2030_2000f_NDCp
1123,WITCH 5.0,EN_INDCi2030_2500
1124,WITCH 5.0,EN_INDCi2030_2500_NDCp
1125,WITCH 5.0,EN_INDCi2030_2500f
1126,WITCH 5.0,EN_INDCi2030_2500f_NDCp
1127,WITCH 5.0,EN_INDCi2030_3000
1128,WITCH 5.0,EN_INDCi2030_3000_NDCp
1129,WITCH 5.0,EN_INDCi2030_3000f
1130,WITCH 5.0,EN_INDCi2030_3000f_NDCp
1131,WITCH 5.0,EN_INDCi2030_500f
1132,WITCH 5.0,EN_INDCi2030_600f
1133,WITCH 5.0,EN_INDCi2030_600f_NDCp
1134,WITCH 5.0,EN_INDCi2030_700f
1135,WITCH 5.0,EN_INDCi2030_700f_NDCp
1136,WITCH 5.0,EN_INDCi2030_800
1137,WITCH 5.0,EN_INDCi2030_800_NDCp
1138,WITCH 5.0,EN_INDCi2030_800f
1139,WITCH 5.0,EN_INDCi2030_800f_NDCp
1140,WITCH 5.0,EN_INDCi2030_900
1141,WITCH 5.0,EN_INDCi2030_900_NDCp
1142,WITCH 5.0,EN_INDCi2030_900f
1143,WITCH 5.0,EN_INDCi2030_900f_NDCp
1144,WITCH 5.0,EN_INDCi2100
1145,WITCH 5.0,EN_INDCi2100_NDCp
1146,WITCH 5.0,EN_NPi2020_1000
1147,WITCH 5.0,EN_NPi2020_1000f
1148,WITCH 5.0,EN_NPi2020_1200
1149,WITCH 5.0,EN_NPi2020_1200f
1150,WITCH 5.0,EN_NPi2020_1400
1151,WITCH 5.0,EN_NPi2020_1400f
1152,WITCH 5.0,EN_NPi2020_1600
1153,WITCH 5.0,EN_NPi2020_1600f
1154,WITCH 5.0,EN_NPi2020_1800
1155,WITCH 5.0,EN_NPi2020_1800f
1156,WITCH 5.0,EN_NPi2020_2000
1157,WITCH 5.0,EN_NPi2020_2000f
1158,WITCH 5.0,EN_NPi2020_2500
1159,WITCH 5.0,EN_NPi2020_2500f
1160,WITCH 5.0,EN_NPi2020_3000
1161,WITCH 5.0,EN_NPi2020_3000f
1162,WITCH 5.0,EN_NPi2020_400f
1163,WITCH 5.0,EN_NPi2020_450
1164,WITCH 5.0,EN_NPi2020_450f
1165,WITCH 5.0,EN_NPi2020_500
1166,WITCH 5.0,EN_NPi2020_500f
1167,WITCH 5.0,EN_NPi2020_600
1168,WITCH 5.0,EN_NPi2020_600f
1169,WITCH 5.0,EN_NPi2020_700
1170,WITCH 5.0,EN_NPi2020_700f
1171,WITCH 5.0,EN_NPi2020_800
1172,WITCH 5.0,EN_NPi2020_800f
1173,WITCH 5.0,EN_NPi2020_900
1174,WITCH 5.0,EN_NPi2020_900f
1175,WITCH 5.0,EN_NPi2100
1176,WITCH 5.0,EN_NoPolicy
1177,WITCH-GLOBIOM 3.1,SSP1-19
1178,WITCH-GLOBIOM 3.1,SSP1-Baseline
1179,WITCH-GLOBIOM 3.1,SSP2-Baseline
1180,WITCH-GLOBIOM 3.1,SSP3-Baseline
1181,WITCH-GLOBIOM 3.1,SSP4-19
1182,WITCH-GLOBIOM 3.1,SSP4-Baseline
1183,WITCH-GLOBIOM 3.1,SSP5-Baseline
1184,WITCH-GLOBIOM 4.2,ADVANCE_NoPolicy
1185,WITCH-GLOBIOM 4.2,EMF30_BCOC-EndU
1186,WITCH-GLOBIOM 4.2,EMF30_Baseline
1187,WITCH-GLOBIOM 4.2,EMF30_CH4-Only
1188,WITCH-GLOBIOM 4.2,EMF30_D_BCOC-Red
1189,WITCH-GLOBIOM 4.2,EMF30_D_Frozen-CH4
1190,WITCH-GLOBIOM 4.2,EMF30_D_Frozen-EF
1191,WITCH-GLOBIOM 4.2,EMF30_D_Frozen-EF-EndU
1192,WITCH-GLOBIOM 4.2,EMF30_D_Frozen-EF-SLCF
1193,WITCH-GLOBIOM 4.2,EMF30_SLCF
1194,WITCH-GLOBIOM 4.4,CD-LINKS_INDC2030i_1600
1195,WITCH-GLOBIOM 4.4,CD-LINKS_INDCi
1196,WITCH-GLOBIOM 4.4,CD-LINKS_NDC2030i_1000
1197,WITCH-GLOBIOM 4.4,CD-LINKS_NPi
1198,WITCH-GLOBIOM 4.4,CD-LINKS_NPi2020_1000
1199,WITCH-GLOBIOM 4.4,CD-LINKS_NPi2020_1600
1200,WITCH-GLOBIOM 4.4,CD-LINKS_NPi2020_400
1201,WITCH-GLOBIOM 4.4,CD-LINKS_NoPolicy
